{
    "providers":[
        {"type":"bitmap","file":"minebuddies:ranks/dishwashertag.png","ascent":7,"height":7,"chars":["\ue100"]},
        {"type":"bitmap","file":"minebuddies:ranks/cooktag.png","ascent":7,"height":7,"chars":["\ue101"]},
        {"type":"bitmap","file":"minebuddies:ranks/baristatag.png","ascent":7,"height":7,"chars":["\ue102"]},
        {"type":"bitmap","file":"minebuddies:ranks/bartendertag.png","ascent":7,"height":7,"chars":["\ue103"]},
        {"type":"bitmap","file":"minebuddies:ranks/cheftag.png","ascent":7,"height":7,"chars":["\ue104"]},
        {"type":"bitmap","file":"minebuddies:ranks/helpertag.png","ascent":7,"height":7,"chars":["\ue105"]},
        {"type":"bitmap","file":"minebuddies:ranks/modtag.png","ascent":7,"height":7,"chars":["\ue106"]},
        {"type":"bitmap","file":"minebuddies:ranks/admintag.png","ascent":7,"height":7,"chars":["\ue107"]},
        {"type":"bitmap","file":"minebuddies:ranks/ownertag.png","ascent":7,"height":7,"chars":["\ue108"]},
        {"type":"bitmap","file":"minebuddies:ranks/server.png","ascent":7,"height":7,"chars":["\ue109"]},
        {"type":"bitmap","file":"minebuddies:misc/minebuddieslogo.png","ascent":55,"height":55,"chars":["\ue110"]},
        {"type":"bitmap","file":"minebuddies:ranks/npctag.png","ascent":7,"height":7,"chars":["\ue111"]},
        {"type":"bitmap","file":"minebuddies:ranks/villagertag.png","ascent":7,"height":7,"chars":["\ue112"]}
    ]
}