{
    "parent": "minecraft:item/handheld",
    "textures": {
        "layer0": "minecraft:item/cookie"
    },
    "overrides": [
        {
            "predicate": {
                "custom_model_data": 1000
            },
            "model": "minebuddies:item/gens/flour"
        },
        {
            "predicate": {
                "custom_model_data": 1001
            },
            "model": "minebuddies:item/gens/sugar"
        },
        {
            "predicate": {
                "custom_model_data": 1002
            },
            "model": "minebuddies:item/gens/milk"
        },
        {
            "predicate": {
                "custom_model_data": 1003
            },
            "model": "minebuddies:item/gens/cheese"
        },
        {
            "predicate": {
                "custom_model_data": 1004
            },
            "model": "minebuddies:item/gens/egg"
        },
        {
            "predicate": {
                "custom_model_data": 1005
            },
            "model": "minebuddies:item/gens/bread"
        },
        {
            "predicate": {
                "custom_model_data": 1006
            },
            "model": "minebuddies:item/gens/rice"
        },
        {
            "predicate": {
                "custom_model_data": 1007
            },
            "model": "minebuddies:item/gens/pasta"
        },
        {
            "predicate": {
                "custom_model_data": 1008
            },
            "model": "minebuddies:item/gens/pancake"
        },
        {
            "predicate": {
                "custom_model_data": 1009
            },
            "model": "minebuddies:item/gens/taco"
        },
        {
            "predicate": {
                "custom_model_data": 1010
            },
            "model": "minebuddies:item/gens/curry"
        },
        {
            "predicate": {
                "custom_model_data": 1011
            },
            "model": "minebuddies:item/gens/pizza"
        },
        {
            "predicate": {
                "custom_model_data": 1012
            },
            "model": "minebuddies:item/gens/cake"
        },
        {
            "predicate": {
                "custom_model_data": 1013
            },
            "model": "minebuddies:item/gens/donut"
        },
        {
            "predicate": {
                "custom_model_data": 5000
            },
            "model": "minebuddies:item/gens/bunny"
        }
    ]
}